"filename", "language", "Java", "YAML", "Java Properties", "MS SQL", "XML", "Batch", "Docker", "TypeScript JSX", "PostCSS", "TypeScript", "Properties", "JSON with Comments", "JavaScript", "JSON", "HTML", "comment", "blank", "total"
"/Users/shenyc/code/se/school_manager/backend/.mvn/wrapper/maven-wrapper.properties", "Java Properties", 0, 0, 3, 0, 0, 0, 0, 0, 0, 0, 0, 0, 0, 0, 0, 0, 1, 4
"/Users/shenyc/code/se/school_manager/backend/Dockerfile", "Docker", 0, 0, 0, 0, 0, 0, 11, 0, 0, 0, 0, 0, 0, 0, 0, 0, 3, 14
"/Users/shenyc/code/se/school_manager/backend/mvnw.cmd", "Batch", 0, 0, 0, 0, 0, 139, 0, 0, 0, 0, 0, 0, 0, 0, 0, 26, 25, 190
"/Users/shenyc/code/se/school_manager/backend/pom.xml", "XML", 0, 0, 0, 0, 108, 0, 0, 0, 0, 0, 0, 0, 0, 0, 0, 0, 4, 112
"/Users/shenyc/code/se/school_manager/backend/src/main/java/com/schoolmanager/backend/BackendApplication.java", "Java", 12, 0, 0, 0, 0, 0, 0, 0, 0, 0, 0, 0, 0, 0, 0, 0, 5, 17
"/Users/shenyc/code/se/school_manager/backend/src/main/java/com/schoolmanager/backend/approval/ApprovalController.java", "Java", 249, 0, 0, 0, 0, 0, 0, 0, 0, 0, 0, 0, 0, 0, 0, 0, 27, 276
"/Users/shenyc/code/se/school_manager/backend/src/main/java/com/schoolmanager/backend/approval/ApprovalProcessProgressService.java", "Java", 185, 0, 0, 0, 0, 0, 0, 0, 0, 0, 0, 0, 0, 0, 0, 0, 24, 209
"/Users/shenyc/code/se/school_manager/backend/src/main/java/com/schoolmanager/backend/approval/ApprovalService.java", "Java", 411, 0, 0, 0, 0, 0, 0, 0, 0, 0, 0, 0, 0, 0, 0, 0, 47, 458
"/Users/shenyc/code/se/school_manager/backend/src/main/java/com/schoolmanager/backend/approval/entity/Approval.java", "Java", 122, 0, 0, 0, 0, 0, 0, 0, 0, 0, 0, 0, 0, 0, 0, 0, 42, 164
"/Users/shenyc/code/se/school_manager/backend/src/main/java/com/schoolmanager/backend/approval/entity/ApprovalAssignee.java", "Java", 64, 0, 0, 0, 0, 0, 0, 0, 0, 0, 0, 0, 0, 0, 0, 0, 21, 85
"/Users/shenyc/code/se/school_manager/backend/src/main/java/com/schoolmanager/backend/approval/entity/ApprovalAttachment.java", "Java", 77, 0, 0, 0, 0, 0, 0, 0, 0, 0, 0, 0, 0, 0, 0, 0, 26, 103
"/Users/shenyc/code/se/school_manager/backend/src/main/java/com/schoolmanager/backend/approval/entity/ApprovalLog.java", "Java", 59, 0, 0, 0, 0, 0, 0, 0, 0, 0, 0, 0, 0, 0, 0, 0, 19, 78
"/Users/shenyc/code/se/school_manager/backend/src/main/java/com/schoolmanager/backend/approval/entity/ApprovalProcessProgress.java", "Java", 92, 0, 0, 0, 0, 0, 0, 0, 0, 0, 0, 0, 0, 0, 0, 0, 33, 125
"/Users/shenyc/code/se/school_manager/backend/src/main/java/com/schoolmanager/backend/approval/entity/ApprovalStep.java", "Java", 86, 0, 0, 0, 0, 0, 0, 0, 0, 0, 0, 0, 0, 0, 0, 0, 29, 115
"/Users/shenyc/code/se/school_manager/backend/src/main/java/com/schoolmanager/backend/approval/repo/ApprovalAssigneeRepository.java", "Java", 17, 0, 0, 0, 0, 0, 0, 0, 0, 0, 0, 0, 0, 0, 0, 0, 7, 24
"/Users/shenyc/code/se/school_manager/backend/src/main/java/com/schoolmanager/backend/approval/repo/ApprovalAttachmentRepository.java", "Java", 10, 0, 0, 0, 0, 0, 0, 0, 0, 0, 0, 0, 0, 0, 0, 0, 5, 15
"/Users/shenyc/code/se/school_manager/backend/src/main/java/com/schoolmanager/backend/approval/repo/ApprovalLogRepository.java", "Java", 7, 0, 0, 0, 0, 0, 0, 0, 0, 0, 0, 0, 0, 0, 0, 0, 4, 11
"/Users/shenyc/code/se/school_manager/backend/src/main/java/com/schoolmanager/backend/approval/repo/ApprovalProcessProgressRepository.java", "Java", 9, 0, 0, 0, 0, 0, 0, 0, 0, 0, 0, 0, 0, 0, 0, 0, 5, 14
"/Users/shenyc/code/se/school_manager/backend/src/main/java/com/schoolmanager/backend/approval/repo/ApprovalRepository.java", "Java", 20, 0, 0, 0, 0, 0, 0, 0, 0, 0, 0, 0, 0, 0, 0, 0, 10, 30
"/Users/shenyc/code/se/school_manager/backend/src/main/java/com/schoolmanager/backend/approval/repo/ApprovalStepRepository.java", "Java", 7, 0, 0, 0, 0, 0, 0, 0, 0, 0, 0, 0, 0, 0, 0, 0, 4, 11
"/Users/shenyc/code/se/school_manager/backend/src/main/java/com/schoolmanager/backend/auth/AuthController.java", "Java", 56, 0, 0, 0, 0, 0, 0, 0, 0, 0, 0, 0, 0, 0, 0, 0, 8, 64
"/Users/shenyc/code/se/school_manager/backend/src/main/java/com/schoolmanager/backend/auth/dto/LoginRequest.java", "Java", 20, 0, 0, 0, 0, 0, 0, 0, 0, 0, 0, 0, 0, 0, 0, 0, 8, 28
"/Users/shenyc/code/se/school_manager/backend/src/main/java/com/schoolmanager/backend/auth/dto/LoginResponse.java", "Java", 40, 0, 0, 0, 0, 0, 0, 0, 0, 0, 0, 0, 0, 0, 0, 0, 12, 52
"/Users/shenyc/code/se/school_manager/backend/src/main/java/com/schoolmanager/backend/common/ApiException.java", "Java", 11, 0, 0, 0, 0, 0, 0, 0, 0, 0, 0, 0, 0, 0, 0, 0, 4, 15
"/Users/shenyc/code/se/school_manager/backend/src/main/java/com/schoolmanager/backend/common/ApiResponse.java", "Java", 9, 0, 0, 0, 0, 0, 0, 0, 0, 0, 0, 0, 0, 0, 0, 0, 3, 12
"/Users/shenyc/code/se/school_manager/backend/src/main/java/com/schoolmanager/backend/common/GlobalExceptionHandler.java", "Java", 43, 0, 0, 0, 0, 0, 0, 0, 0, 0, 0, 0, 0, 0, 0, 0, 9, 52
"/Users/shenyc/code/se/school_manager/backend/src/main/java/com/schoolmanager/backend/common/HealthController.java", "Java", 10, 0, 0, 0, 0, 0, 0, 0, 0, 0, 0, 0, 0, 0, 0, 0, 3, 13
"/Users/shenyc/code/se/school_manager/backend/src/main/java/com/schoolmanager/backend/config/AppProperties.java", "Java", 58, 0, 0, 0, 0, 0, 0, 0, 0, 0, 0, 0, 0, 0, 0, 0, 19, 77
"/Users/shenyc/code/se/school_manager/backend/src/main/java/com/schoolmanager/backend/config/WebConfig.java", "Java", 15, 0, 0, 0, 0, 0, 0, 0, 0, 0, 0, 0, 0, 0, 0, 0, 3, 18
"/Users/shenyc/code/se/school_manager/backend/src/main/java/com/schoolmanager/backend/crypto/AesCryptoService.java", "Java", 61, 0, 0, 0, 0, 0, 0, 0, 0, 0, 0, 0, 0, 0, 0, 0, 11, 72
"/Users/shenyc/code/se/school_manager/backend/src/main/java/com/schoolmanager/backend/init/DataInitializer.java", "Java", 121, 0, 0, 0, 0, 0, 0, 0, 0, 0, 0, 0, 0, 0, 0, 0, 15, 136
"/Users/shenyc/code/se/school_manager/backend/src/main/java/com/schoolmanager/backend/oplog/OperationLogService.java", "Java", 29, 0, 0, 0, 0, 0, 0, 0, 0, 0, 0, 0, 0, 0, 0, 0, 6, 35
"/Users/shenyc/code/se/school_manager/backend/src/main/java/com/schoolmanager/backend/oplog/entity/OperationLog.java", "Java", 63, 0, 0, 0, 0, 0, 0, 0, 0, 0, 0, 0, 0, 0, 0, 0, 22, 85
"/Users/shenyc/code/se/school_manager/backend/src/main/java/com/schoolmanager/backend/oplog/repo/OperationLogRepository.java", "Java", 5, 0, 0, 0, 0, 0, 0, 0, 0, 0, 0, 0, 0, 0, 0, 0, 3, 8
"/Users/shenyc/code/se/school_manager/backend/src/main/java/com/schoolmanager/backend/policy/PolicyController.java", "Java", 81, 0, 0, 0, 0, 0, 0, 0, 0, 0, 0, 0, 0, 0, 0, 0, 13, 94
"/Users/shenyc/code/se/school_manager/backend/src/main/java/com/schoolmanager/backend/policy/PolicyService.java", "Java", 265, 0, 0, 0, 0, 0, 0, 0, 0, 0, 0, 0, 0, 0, 0, 0, 18, 283
"/Users/shenyc/code/se/school_manager/backend/src/main/java/com/schoolmanager/backend/policy/entity/PolicyDoc.java", "Java", 81, 0, 0, 0, 0, 0, 0, 0, 0, 0, 0, 0, 0, 0, 0, 0, 27, 108
"/Users/shenyc/code/se/school_manager/backend/src/main/java/com/schoolmanager/backend/policy/entity/PolicyDocChunk.java", "Java", 45, 0, 0, 0, 0, 0, 0, 0, 0, 0, 0, 0, 0, 0, 0, 0, 13, 58
"/Users/shenyc/code/se/school_manager/backend/src/main/java/com/schoolmanager/backend/policy/repo/PolicyDocChunkRepository.java", "Java", 30, 0, 0, 0, 0, 0, 0, 0, 0, 0, 0, 0, 0, 0, 0, 0, 10, 40
"/Users/shenyc/code/se/school_manager/backend/src/main/java/com/schoolmanager/backend/policy/repo/PolicyDocRepository.java", "Java", 12, 0, 0, 0, 0, 0, 0, 0, 0, 0, 0, 0, 0, 0, 0, 0, 5, 17
"/Users/shenyc/code/se/school_manager/backend/src/main/java/com/schoolmanager/backend/profile/ProfileController.java", "Java", 55, 0, 0, 0, 0, 0, 0, 0, 0, 0, 0, 0, 0, 0, 0, 0, 9, 64
"/Users/shenyc/code/se/school_manager/backend/src/main/java/com/schoolmanager/backend/profile/ProfileService.java", "Java", 159, 0, 0, 0, 0, 0, 0, 0, 0, 0, 0, 0, 0, 0, 0, 0, 20, 179
"/Users/shenyc/code/se/school_manager/backend/src/main/java/com/schoolmanager/backend/profile/entity/Student.java", "Java", 60, 0, 0, 0, 0, 0, 0, 0, 0, 0, 0, 0, 0, 0, 0, 0, 19, 79
"/Users/shenyc/code/se/school_manager/backend/src/main/java/com/schoolmanager/backend/profile/entity/StudentProfile.java", "Java", 47, 0, 0, 0, 0, 0, 0, 0, 0, 0, 0, 0, 0, 0, 0, 0, 15, 62
"/Users/shenyc/code/se/school_manager/backend/src/main/java/com/schoolmanager/backend/profile/entity/StudentSensitive.java", "Java", 82, 0, 0, 0, 0, 0, 0, 0, 0, 0, 0, 0, 0, 0, 0, 0, 28, 110
"/Users/shenyc/code/se/school_manager/backend/src/main/java/com/schoolmanager/backend/profile/entity/UserProfile.java", "Java", 49, 0, 0, 0, 0, 0, 0, 0, 0, 0, 0, 0, 0, 0, 0, 0, 15, 64
"/Users/shenyc/code/se/school_manager/backend/src/main/java/com/schoolmanager/backend/profile/repo/StudentProfileRepository.java", "Java", 7, 0, 0, 0, 0, 0, 0, 0, 0, 0, 0, 0, 0, 0, 0, 0, 4, 11
"/Users/shenyc/code/se/school_manager/backend/src/main/java/com/schoolmanager/backend/profile/repo/StudentRepository.java", "Java", 7, 0, 0, 0, 0, 0, 0, 0, 0, 0, 0, 0, 0, 0, 0, 0, 4, 11
"/Users/shenyc/code/se/school_manager/backend/src/main/java/com/schoolmanager/backend/profile/repo/StudentSensitiveRepository.java", "Java", 7, 0, 0, 0, 0, 0, 0, 0, 0, 0, 0, 0, 0, 0, 0, 0, 4, 11
"/Users/shenyc/code/se/school_manager/backend/src/main/java/com/schoolmanager/backend/profile/repo/UserProfileRepository.java", "Java", 7, 0, 0, 0, 0, 0, 0, 0, 0, 0, 0, 0, 0, 0, 0, 0, 4, 11
"/Users/shenyc/code/se/school_manager/backend/src/main/java/com/schoolmanager/backend/qa/QaController.java", "Java", 57, 0, 0, 0, 0, 0, 0, 0, 0, 0, 0, 0, 0, 0, 0, 0, 13, 70
"/Users/shenyc/code/se/school_manager/backend/src/main/java/com/schoolmanager/backend/security/AuthUser.java", "Java", 49, 0, 0, 0, 0, 0, 0, 0, 0, 0, 0, 0, 0, 0, 0, 0, 13, 62
"/Users/shenyc/code/se/school_manager/backend/src/main/java/com/schoolmanager/backend/security/CurrentUser.java", "Java", 26, 0, 0, 0, 0, 0, 0, 0, 0, 0, 0, 0, 0, 0, 0, 0, 6, 32
"/Users/shenyc/code/se/school_manager/backend/src/main/java/com/schoolmanager/backend/security/JwtAuthFilter.java", "Java", 49, 0, 0, 0, 0, 0, 0, 0, 0, 0, 0, 0, 0, 0, 0, 0, 8, 57
"/Users/shenyc/code/se/school_manager/backend/src/main/java/com/schoolmanager/backend/security/JwtService.java", "Java", 39, 0, 0, 0, 0, 0, 0, 0, 0, 0, 0, 0, 0, 0, 0, 0, 8, 47
"/Users/shenyc/code/se/school_manager/backend/src/main/java/com/schoolmanager/backend/security/SecurityConfig.java", "Java", 41, 0, 0, 0, 0, 0, 0, 0, 0, 0, 0, 0, 0, 0, 0, 0, 5, 46
"/Users/shenyc/code/se/school_manager/backend/src/main/java/com/schoolmanager/backend/security/SysUserDetailsService.java", "Java", 19, 0, 0, 0, 0, 0, 0, 0, 0, 0, 0, 0, 0, 0, 0, 0, 5, 24
"/Users/shenyc/code/se/school_manager/backend/src/main/java/com/schoolmanager/backend/student/StudentController.java", "Java", 39, 0, 0, 0, 0, 0, 0, 0, 0, 0, 0, 0, 0, 0, 0, 0, 7, 46
"/Users/shenyc/code/se/school_manager/backend/src/main/java/com/schoolmanager/backend/student/StudentService.java", "Java", 25, 0, 0, 0, 0, 0, 0, 0, 0, 0, 0, 0, 0, 0, 0, 0, 7, 32
"/Users/shenyc/code/se/school_manager/backend/src/main/java/com/schoolmanager/backend/student/entity/ClassManager.java", "Java", 52, 0, 0, 0, 0, 0, 0, 0, 0, 0, 0, 0, 0, 0, 0, 0, 14, 66
"/Users/shenyc/code/se/school_manager/backend/src/main/java/com/schoolmanager/backend/student/repo/ClassManagerRepository.java", "Java", 10, 0, 0, 0, 0, 0, 0, 0, 0, 0, 0, 0, 0, 0, 0, 0, 4, 14
"/Users/shenyc/code/se/school_manager/backend/src/main/java/com/schoolmanager/backend/user/UserController.java", "Java", 28, 0, 0, 0, 0, 0, 0, 0, 0, 0, 0, 0, 0, 0, 0, 0, 7, 35
"/Users/shenyc/code/se/school_manager/backend/src/main/java/com/schoolmanager/backend/user/entity/SysRole.java", "Java", 44, 0, 0, 0, 0, 0, 0, 0, 0, 0, 0, 0, 0, 0, 0, 0, 14, 58
"/Users/shenyc/code/se/school_manager/backend/src/main/java/com/schoolmanager/backend/user/entity/SysUser.java", "Java", 94, 0, 0, 0, 0, 0, 0, 0, 0, 0, 0, 0, 0, 0, 0, 0, 31, 125
"/Users/shenyc/code/se/school_manager/backend/src/main/java/com/schoolmanager/backend/user/repo/SysRoleRepository.java", "Java", 7, 0, 0, 0, 0, 0, 0, 0, 0, 0, 0, 0, 0, 0, 0, 0, 4, 11
"/Users/shenyc/code/se/school_manager/backend/src/main/java/com/schoolmanager/backend/user/repo/SysUserRepository.java", "Java", 12, 0, 0, 0, 0, 0, 0, 0, 0, 0, 0, 0, 0, 0, 0, 0, 5, 17
"/Users/shenyc/code/se/school_manager/backend/src/main/resources/application.properties", "Java Properties", 0, 0, 15, 0, 0, 0, 0, 0, 0, 0, 0, 0, 0, 0, 0, 0, 8, 23
"/Users/shenyc/code/se/school_manager/backend/src/main/resources/db/migration/V1__init.sql", "MS SQL", 0, 0, 0, 142, 0, 0, 0, 0, 0, 0, 0, 0, 0, 0, 0, 0, 12, 154
"/Users/shenyc/code/se/school_manager/backend/src/main/resources/db/migration/V2__user_profile_and_class_manager.sql", "MS SQL", 0, 0, 0, 17, 0, 0, 0, 0, 0, 0, 0, 0, 0, 0, 0, 0, 2, 19
"/Users/shenyc/code/se/school_manager/backend/src/main/resources/db/migration/V3__approval_multi_assignee_and_attachments.sql", "MS SQL", 0, 0, 0, 44, 0, 0, 0, 0, 0, 0, 0, 0, 0, 0, 0, 0, 4, 48
"/Users/shenyc/code/se/school_manager/backend/src/main/resources/db/migration/V4__party_league_stage_progress.sql", "MS SQL", 0, 0, 0, 21, 0, 0, 0, 0, 0, 0, 0, 0, 0, 0, 0, 0, 2, 23
"/Users/shenyc/code/se/school_manager/docker-compose.yml", "YAML", 0, 56, 0, 0, 0, 0, 0, 0, 0, 0, 0, 0, 0, 0, 0, 0, 4, 60
"/Users/shenyc/code/se/school_manager/frontend/Dockerfile", "Docker", 0, 0, 0, 0, 0, 0, 11, 0, 0, 0, 0, 0, 0, 0, 0, 0, 3, 14
"/Users/shenyc/code/se/school_manager/frontend/eslint.config.js", "JavaScript", 0, 0, 0, 0, 0, 0, 0, 0, 0, 0, 0, 0, 21, 0, 0, 0, 2, 23
"/Users/shenyc/code/se/school_manager/frontend/index.html", "HTML", 0, 0, 0, 0, 0, 0, 0, 0, 0, 0, 0, 0, 0, 0, 13, 0, 1, 14
"/Users/shenyc/code/se/school_manager/frontend/nginx.conf", "Properties", 0, 0, 0, 0, 0, 0, 0, 0, 0, 0, 16, 0, 0, 0, 0, 0, 4, 20
"/Users/shenyc/code/se/school_manager/frontend/package-lock.json", "JSON", 0, 0, 0, 0, 0, 0, 0, 0, 0, 0, 0, 0, 0, 2796, 0, 0, 1, 2797
"/Users/shenyc/code/se/school_manager/frontend/package.json", "JSON", 0, 0, 0, 0, 0, 0, 0, 0, 0, 0, 0, 0, 0, 31, 0, 0, 1, 32
"/Users/shenyc/code/se/school_manager/frontend/public/favicon.svg", "XML", 0, 0, 0, 0, 1, 0, 0, 0, 0, 0, 0, 0, 0, 0, 0, 0, 0, 1
"/Users/shenyc/code/se/school_manager/frontend/public/icons.svg", "XML", 0, 0, 0, 0, 24, 0, 0, 0, 0, 0, 0, 0, 0, 0, 0, 0, 1, 25
"/Users/shenyc/code/se/school_manager/frontend/src/App.css", "PostCSS", 0, 0, 0, 0, 0, 0, 0, 0, 158, 0, 0, 0, 0, 0, 0, 0, 27, 185
"/Users/shenyc/code/se/school_manager/frontend/src/App.tsx", "TypeScript JSX", 0, 0, 0, 0, 0, 0, 0, 33, 0, 0, 0, 0, 0, 0, 0, 0, 2, 35
"/Users/shenyc/code/se/school_manager/frontend/src/api.ts", "TypeScript", 0, 0, 0, 0, 0, 0, 0, 0, 0, 47, 0, 0, 0, 0, 0, 0, 11, 58
"/Users/shenyc/code/se/school_manager/frontend/src/assets/react.svg", "XML", 0, 0, 0, 0, 1, 0, 0, 0, 0, 0, 0, 0, 0, 0, 0, 0, 0, 1
"/Users/shenyc/code/se/school_manager/frontend/src/assets/vite.svg", "XML", 0, 0, 0, 0, 1, 0, 0, 0, 0, 0, 0, 0, 0, 0, 0, 0, 1, 2
"/Users/shenyc/code/se/school_manager/frontend/src/auth.tsx", "TypeScript JSX", 0, 0, 0, 0, 0, 0, 0, 70, 0, 0, 0, 0, 0, 0, 0, 0, 13, 83
"/Users/shenyc/code/se/school_manager/frontend/src/components/Layout.tsx", "TypeScript JSX", 0, 0, 0, 0, 0, 0, 0, 77, 0, 0, 0, 0, 0, 0, 0, 0, 7, 84
"/Users/shenyc/code/se/school_manager/frontend/src/components/RequireAuth.tsx", "TypeScript JSX", 0, 0, 0, 0, 0, 0, 0, 8, 0, 0, 0, 0, 0, 0, 0, 0, 3, 11
"/Users/shenyc/code/se/school_manager/frontend/src/index.css", "PostCSS", 0, 0, 0, 0, 0, 0, 0, 0, 198, 0, 0, 0, 0, 0, 0, 0, 35, 233
"/Users/shenyc/code/se/school_manager/frontend/src/main.tsx", "TypeScript JSX", 0, 0, 0, 0, 0, 0, 0, 15, 0, 0, 0, 0, 0, 0, 0, 0, 2, 17
"/Users/shenyc/code/se/school_manager/frontend/src/pages/ApprovalApplyPage.tsx", "TypeScript JSX", 0, 0, 0, 0, 0, 0, 0, 183, 0, 0, 0, 0, 0, 0, 0, 0, 16, 199
"/Users/shenyc/code/se/school_manager/frontend/src/pages/ApprovalsPage.tsx", "TypeScript JSX", 0, 0, 0, 0, 0, 0, 0, 291, 0, 0, 0, 0, 0, 0, 0, 0, 26, 317
"/Users/shenyc/code/se/school_manager/frontend/src/pages/HomePage.tsx", "TypeScript JSX", 0, 0, 0, 0, 0, 0, 0, 183, 0, 0, 0, 0, 0, 0, 0, 3, 18, 204
"/Users/shenyc/code/se/school_manager/frontend/src/pages/LoginPage.tsx", "TypeScript JSX", 0, 0, 0, 0, 0, 0, 0, 53, 0, 0, 0, 0, 0, 0, 0, 0, 4, 57
"/Users/shenyc/code/se/school_manager/frontend/src/pages/PendingPage.tsx", "TypeScript JSX", 0, 0, 0, 0, 0, 0, 0, 250, 0, 0, 0, 0, 0, 0, 0, 0, 20, 270
"/Users/shenyc/code/se/school_manager/frontend/src/pages/PolicyPage.tsx", "TypeScript JSX", 0, 0, 0, 0, 0, 0, 0, 279, 0, 0, 0, 0, 0, 0, 0, 1, 18, 298
"/Users/shenyc/code/se/school_manager/frontend/src/pages/ProfilePage.tsx", "TypeScript JSX", 0, 0, 0, 0, 0, 0, 0, 389, 0, 0, 0, 0, 0, 0, 0, 0, 29, 418
"/Users/shenyc/code/se/school_manager/frontend/src/pages/QaPage.tsx", "TypeScript JSX", 0, 0, 0, 0, 0, 0, 0, 68, 0, 0, 0, 0, 0, 0, 0, 0, 7, 75
"/Users/shenyc/code/se/school_manager/frontend/src/pages/StudentDetailPage.tsx", "TypeScript JSX", 0, 0, 0, 0, 0, 0, 0, 158, 0, 0, 0, 0, 0, 0, 0, 0, 13, 171
"/Users/shenyc/code/se/school_manager/frontend/src/pages/StudentsPage.tsx", "TypeScript JSX", 0, 0, 0, 0, 0, 0, 0, 77, 0, 0, 0, 0, 0, 0, 0, 0, 10, 87
"/Users/shenyc/code/se/school_manager/frontend/tsconfig.app.json", "JSON", 0, 0, 0, 0, 0, 0, 0, 0, 0, 0, 0, 0, 0, 21, 0, 2, 3, 26
"/Users/shenyc/code/se/school_manager/frontend/tsconfig.json", "JSON with Comments", 0, 0, 0, 0, 0, 0, 0, 0, 0, 0, 0, 7, 0, 0, 0, 0, 1, 8
"/Users/shenyc/code/se/school_manager/frontend/tsconfig.node.json", "JSON", 0, 0, 0, 0, 0, 0, 0, 0, 0, 0, 0, 0, 0, 20, 0, 2, 3, 25
"/Users/shenyc/code/se/school_manager/frontend/vite.config.ts", "TypeScript", 0, 0, 0, 0, 0, 0, 0, 0, 0, 13, 0, 0, 0, 0, 0, 1, 2, 16
"Total", "-", 3553, 56, 18, 224, 135, 139, 22, 2134, 356, 60, 16, 7, 21, 2868, 13, 35, 1142, 10799